osm_id,name,city,state,lat,lon
24261962,,,,-1.0501448,-46.760852
30420455,Skatepark do Aterro do Flamengo,,,-22.9247319,-43.1705521
49826065,Skate Rink,,,-22.8131514,-43.2076239
51943883,,,,-20.2996869,-40.2918211
59147230,,,,-13.0026969,-38.4512095
71371495,,,,-25.0717376,-50.1194163
95469304,,,,-29.5982489,-51.1596547
96063988,,,,-15.8023331,-47.9419681
110352022,Skatepark Naviraí,NAVIRAI,,-23.0577864,-54.1922321
119368632,,,,-22.6281461,-46.0175435
122291352,,,,-21.6955218,-47.4752338
129483214,Skate Park,,,-21.7866093,-46.5865731
132766692,Pista de Skate,,,-10.9771976,-37.0395032
147684302,,,,-23.4970485,-46.4792368
154337591,Half/Street,,,-22.4392106,-46.9630473
159585062,,,,-29.7176657,-52.4334754
163518969,,,,-20.451548,-54.5725568
165642090,Criciúma Skatepark,,,-28.6916771,-49.3839359
168082938,Pista de Skate,,,-21.8673794,-51.8497057
168651029,,,,-29.7593059,-57.0791052
169514347,Pista de Skate,,,-30.051838,-51.2312314
170106043,Praça Franklin Frota,,,-29.1898107,-54.870235
173207862,,,,-22.7269431,-47.6667478
174573787,,,,-20.7225294,-47.8811001
182880792,,,,-22.8128491,-43.0415713
183580754,,,,-22.1291407,-51.3997069
185984985,,,,-22.2254362,-51.3067075
198814484,Pista de Skate,,,-21.7560329,-52.1167557
201945250,,,,-22.7531127,-50.5730206
203375557,,,,-20.4988811,-54.6675871
204618491,,,,-22.8242715,-42.9984257
205537960,Pista de Skate,,,-24.7142088,-53.7164225
208644922,,,,-20.4707041,-54.6213608
211061200,Pista de Patinação,,,-30.0510641,-51.2303543
216852384,,,,-30.0518114,-51.2304394
218339105,,,,-30.1757702,-51.1733654
225182905,Skate,,,-15.8285696,-47.9732569
230883859,Pista de skate,,,-29.5054398,-51.967657
231743321,,,,-29.4665519,-51.9691889
233744575,,,,-9.661386,-35.7005324
233769778,,,,-9.6665536,-35.7116302
235377945,Pista de skate,,,-29.4814969,-51.8173703
242158532,Bowl do Rio Sul,,,-22.9555093,-43.1777439
243800344,,,,-30.017456,-51.2138316
244050616,,,,-29.9862528,-51.1290446
244050624,,,,-30.0215838,-51.1553095
244050670,,,,-30.0292024,-51.1338264
244250893,,,,-30.0042444,-51.1232208
244335140,,,,-30.1560817,-51.2258735
244335145,,,,-30.1539822,-51.2250726
248656838,,,,-3.8788936,-38.6053525
253534467,,,,-23.6968911,-46.5497292
255628166,,,,-26.3360171,-48.8465611
256085144,,,,-19.8606399,-44.6131964
256214187,,,,-23.1746002,-45.8442959
256214188,,,,-23.1745924,-45.8439731
257318935,Skate Park,,,-16.0148581,-48.015129
257844483,Pista de Skate,,,-26.9190343,-48.6498414
260229966,Pista de Patinação,,,-30.0559454,-51.2281263
260360935,Pista de Skate do IAPI,,,-30.0178984,-51.179838
260873209,,,,-23.544447,-46.4106457
261949067,Pista de Skate do Gama,,,-15.9993796,-48.059942
262120836,,,,-28.6504588,-56.0091777
262126781,,,,-5.8747806,-35.181787
262899303,,,,-10.1690409,-48.8740329
265976594,,,,-23.6862684,-46.773177
271845476,,,,-15.8105713,-48.1060662
274708291,,,,-22.593554,-47.3974087
275584334,,,,-23.1818357,-45.8491005
276215873,,,,-20.2145537,-50.9350855
278759631,,,,-26.3555852,-48.8357942
278931287,Banks do Tanque,,,-22.9220568,-43.3622163
279457839,,,,-22.9625139,-52.1556567
280288331,,,,-23.7970884,-48.5953811
283100916,Skate Park Angra dos Reis,,,-23.0012566,-44.3028047
286003340,Pista Skate Loteamento Girassol,,,-26.932075,-49.1340253
288929215,Banks de São Cristóvão,,,-22.9092766,-43.2272404
292963456,,,,-20.5297118,-47.373205
294889347,Área de Patinação,,,-25.4047687,-49.234949
295319718,,,,-23.7875761,-46.533542
295913095,,,,-30.0098492,-51.1866008
296313850,Pista de Skate,,,-31.3668151,-51.9811204
297282331,Pista do Pontal,,,-23.0309603,-43.4698511
297762632,,,,-22.8971717,-43.5724144
299600941,,,,-23.652433,-46.6376723
305776995,,,,-29.9024277,-50.2572988
309374095,,,,-20.3504265,-40.3148209
310145355,,,,-23.7484528,-46.5788441
311112399,Skate Park do P Sul,,,-15.8494965,-48.1126137
311412693,,,,-18.7230104,-39.8521674
314564385,Pista de Skate,,,-20.7968253,-48.8110451
316688186,,,,-23.9713188,-46.3503627
317459722,,,,-28.5281788,-49.3239294
318457876,,,,-23.2007368,-45.889815
320597202,,,,-12.6938299,-38.3218625
320668091,,,,-23.4704939,-47.4491618
320853971,Cosmic Bowl,,,-22.9075032,-43.6138794
320957686,Bowl da Praça do Ó,,,-23.0126551,-43.3175746
320957687,Skatepark da Praça do Ó,,,-23.0124009,-43.3179768
320966596,Tri Banks de Itaguaí,,,-22.8543956,-43.7690787
320966597,Skatepark do Chaperó,,,-22.8114544,-43.7590706
320968569,Pista de Bangu,,,-22.8746366,-43.4568522
320970410,Skatepark do Cocotá,,,-22.8045067,-43.1797083
320983973,Bowl do Moneró,,,-22.7960057,-43.2061532
320983974,Skatepark do Largo do Bicão,,,-22.839337,-43.3114123
320987350,Skatepark de Volta Redonda,,,-22.5377578,-44.0755501
320987351,Skatepark de São João de Meriti,,,-22.8030023,-43.3653841
320998732,Skatepark do Estácio,,,-22.9140118,-43.2062943
320998733,Banks de Irajá,,,-22.8311817,-43.327044
321000634,,,,-22.7898181,-41.9263708
321003270,"Skate Park Jorge Luiz Souza ""Tatu""",,,-22.8640535,-43.3450981
321007828,,,,-22.7601965,-43.4567538
321019086,Skatepark de Anchieta,,,-22.833173,-43.4048213
321019087,Skatepark Allan Mesquita,,,-22.8862683,-42.0203255
321609089,Pista de Realengo,,,-22.8721974,-43.432853
321829069,Skatepark de Rio das Ostras,,,-22.5158828,-41.9484902
321896297,Pista de Nilópolis,,,-22.8102902,-43.4048552
323121603,,,,-19.9594576,-44.1979862
324834968,,,,-30.1148426,-51.3137995
329290988,Pista de Skate,,,-29.6965725,-53.8188551
329423235,,,,-27.5801092,-48.6006418
329597276,Pista de Skate,,,-20.2407174,-43.8009194
331759080,,,,-21.9553316,-47.9871262
333423787,,,,-18.8960107,-48.2778743
333601109,Skate,,,-18.9654094,-49.4686758
334904992,Pista de Skate,,,-19.7447439,-45.251671
336125395,Área de Skate,,,-20.358531,-40.3047875
337471867,,,,-29.1452767,-51.1618963
343003918,,,,-14.8600899,-40.8452717
344414857,,,,-20.442694,-40.3509519
347397648,,,,-24.0294211,-46.4729788
350945904,Pista de Esportes Radicais Guido Hering,,,-26.9128004,-49.0880982
351265396,,,,-30.0559034,-51.0821637
366557783,Pista de skate,,,-21.9090993,-47.6324788
370756946,Pista de Skate,,,-26.4755027,-49.0903342
370757166,Pista de Skate,,,-26.486451,-49.1033616
375232876,Pista de Skate,,,-26.2472972,-53.6396125
376109518,,,,-25.5440916,-49.2578247
377623008,,,,-5.0836445,-42.7930048
380104690,,,,2.8058968,-60.7419194
382259079,,,,-20.3541379,-40.3341418
382259081,,,,-20.354832,-40.3340079
382361621,,,,-15.7772756,-47.7806464
383559403,,,,-28.4640602,-52.189889
384460339,,,,-22.8601696,-43.2681526
385052210,,,,-23.343383,-52.1016176
385101552,,,,-24.0950052,-48.366633
386249281,,,,-23.1763902,-46.8896967
388916138,,,,-21.0114602,-40.8087393
390223827,,,,-23.4841256,-46.4559825
395016426,,,,-27.0952741,-52.6208833
398440308,,,,-23.0189836,-43.4606048
398632077,,,,-24.9621413,-53.4518713
398733499,,,,-20.221581,-40.228163
399107969,,,,-24.1022946,-46.6378124
399152287,,,,-23.193623,-45.791462
399348562,,,,-29.3987578,-51.9426369
406341630,Pista de Skate,,,-23.4547774,-46.5313174
407777747,Pista de skate do Aquárius,,,-23.2173528,-45.9025148
411668042,,,,-23.2784016,-47.6787994
411668043,,,,-23.2783924,-47.6785007
413679768,,,,-29.9996944,-51.075932
414707762,,,,-20.7058146,-44.8236124
416265984,,,,-3.7312029,-38.5095635
422866599,Pista de Skate,,,-26.2737486,-49.3910437
424342009,,,,-15.8957371,-47.7772546
431324164,Pista de Skate,,,-22.4040848,-50.5867734
435857850,,,,-20.375246,-40.3486596
437336852,Pista de skate Carlos Alberto Ravanini,,,-22.1915123,-47.3710578
438789248,Mini rampa do antigo jardim zoológico,,,-22.916297,-43.2619367
439087293,,,,-29.1054557,-49.6317234
440508046,,,,-14.0679489,-42.4803033
440750630,Pista de Bicicross Professor Mauro Bastos,,,-22.5265,-41.9342692
443809522,,,,-22.8547523,-46.0294435
446606639,Pista de skate,,,-20.3200687,-40.3561768
447888573,Pista de skate,,,-7.1472959,-34.843317
448350686,,,,-12.9691897,-38.4317195
450770500,,,,-19.6074363,-44.022274
450913548,Mini Ramp Jardim Casagrande,,,-22.3798858,-46.9436003
450913549,Mini Ramp Jardim Nossa Senhora das Graças,,,-22.3619642,-46.9517018
452300655,,,,-21.7157344,-48.0259302
452300678,,,,-21.7177484,-48.0262709
452715115,Trinda Times,,,-27.5893434,-48.5173707
456073039,,,,-23.2608793,-51.049178
461276525,,,,-23.502374,-46.6935101
461988894,,,,-23.7536842,-46.5804902
462559553,,,,-23.5692526,-46.5032051
464132848,,,,-23.1227234,-46.5553578
468482831,,,,-23.4937923,-46.7884415
468754738,,,,-29.3394279,-49.7241159
468786740,,,,-26.2236527,-48.5190557
469554461,Skate Park,,,-3.7053722,-40.3325792
470060611,,,,-28.4777574,-48.9923117
471155660,,,,-3.6801946,-40.3568428
472238209,,,,-29.1720952,-51.1793508
472442436,Pista de Skate Vila A,,,-25.4961056,-54.5592944
472759778,,,,-15.8359643,-48.0388169
473027658,Praça do Skate,,,-23.6088253,-46.8454813
473140571,,,,-23.6468926,-47.5738305
473193806,Pista de Skate Sarandi,,,-23.4455309,-51.8788662
473447998,,,,-22.6144263,-50.6727386
473453174,Pista de Skate Daiana Borchardt,,,-26.7473736,-49.179215
474054867,,,,-13.0866373,-55.9069669
474212257,Garden,,,-23.0306053,-45.5755074
474260602,,,,-25.4761975,-49.5310824
474260607,,,,-25.4630535,-49.5269506
474265126,Pista de Skate - Iniciante,,,-23.5201244,-46.643517
477691034,,,,-25.5892705,-49.3447421
478183614,,,,-25.5929564,-49.3945207
478234365,,,,-25.5660514,-49.3385033
478521247,,,,-22.3667514,-48.3889603
479403069,HalfPipe Colina de Laranjerias,,,-20.187645,-40.2579907
479403071,Corrimão de Skate,,,-20.1879336,-40.2582023
479409079,Hal de Skate do Parque da Cidade,,,-20.2023531,-40.2614037
479601881,,,,-23.5353887,-46.7644648
481898045,,,,-23.7014293,-46.5679182
482249933,,,,-15.8876353,-48.0128701
482496170,,,,-23.0108585,-43.4552104
482939181,Quadra Poliesportiva Professor Inácio de Loyola Azevêdo,,,-6.6946558,-36.6570551
484298327,,,,-28.3238537,-49.1762544
484941562,,,,-28.9691479,-51.0603185
486118741,,,,-20.5632234,-48.5828458
488466467,,,,-8.0978476,-34.8832594
489956448,,,,-22.9140607,-46.5546971
490781446,,,,-29.1685733,-51.1988209
491005021,,,,-23.5064718,-46.6174412
491940497,,,,-26.9024233,-49.0680344
492859123,,,,-29.4412845,-50.5824738
493035250,,,,-22.1177573,-43.2037875
493683982,Pista de Skate Feirão do São Luís,,,-23.6529301,-46.7366651
493734456,Pista de skate,,,-22.8942812,-49.6204757
495967897,,,,-22.8527994,-46.326302
497156207,,,,-22.5706243,-47.1683858
501477286,,,,-19.9445733,-44.1282572
501803649,Pista de skate,,,-5.6470804,-35.4204602
502794662,,,,-5.6389723,-35.4311098
503890922,,,,-23.6814563,-46.5047287
503890923,,,,-23.6818365,-46.5049392
503890924,,,,-23.6815957,-46.5047764
503992120,,,,-25.4241173,-49.1832885
504069349,Pista de Skate,,,-23.1307982,-46.4663259
505277707,Plaza Skate Parque,,,-23.0217103,-45.5492219
505888045,,,,-29.9159067,-51.2074849
506145064,,,,-28.0688318,-52.0141694
506327625,,,,-23.0885063,-47.2250709
506583748,,,,-21.7752688,-48.1719079
507126659,,,,-28.6641632,-49.4651178
507562835,Pista de Skate,,,-22.7089725,-47.363362
512033167,,,,-23.1273246,-47.2476583
514025249,,,,-25.3984482,-51.4713716
515051112,Júpiter Olímpico,São José do Rio Preto,,-20.8098813,-49.3660114
516899787,,,,-19.9242528,-43.9855223
517123532,,,,-3.7725976,-38.5118303
517299565,,,,-5.8970066,-35.2034773
518624822,Pista de Skate,,,-31.3929681,-52.6719036
519097281,,,,-30.3373279,-54.3145663
520704999,,,,-22.8767088,-47.0603144
520705003,,,,-22.8753206,-47.058838
524414514,,,,-28.6355297,-53.6177881
525727321,,,,-8.0391141,-34.9270183
526609371,,,,-28.2806701,-52.7999066
526664842,Pista de Skate,,,-9.3877927,-40.4977738
526891408,Pq. Josepha Coelho,,,-9.3889552,-40.5012771
527296700,,,,-30.0397195,-51.1730948
530396729,,,,-2.4930224,-44.2956425
531145452,,,,-7.0076303,-37.2879559
533946226,Marcelo Sanches - Cidadão Emérito,,,-23.5023604,-47.4374957
537432175,,,,-3.7994401,-40.2665238
539243876,,,,-23.0429058,-47.8398804
539423148,,,,-16.5984997,-49.2570948
541969802,Pista de Skate,,,-29.9589575,-51.7262134
542410158,,,,-19.7901327,-42.1347777
542473923,,,,-24.5216174,-53.2642091
542948087,,,,-23.9062516,-46.4234354
542950233,,,,-23.8869386,-46.4181348
543602317,,,,-23.2292495,-45.8995158
543670038,,,,-24.7280919,-48.1148042
543692688,,,,-5.7664827,-35.2561417
543715188,,,,-19.6237207,-44.042669
543792629,,,,-22.3909557,-47.5640233
543804856,,,,-23.1569153,-45.8900784
543830059,,,,-23.6312255,-45.4317667
543830063,Pedro Henrique Amorim Cunha Cruz  - Pedrinho Blackflip,,,-23.6230784,-45.4067788
543862800,Pista de skateboard,,,-26.1795831,-50.3945683
543882852,Skate Park Guaiba,,,-30.115705,-51.3139349
543883231,,,,-22.3338986,-47.1732817
543883728,,,,-25.3901756,-51.4616898
543890927,,,,-25.3857013,-51.4693492
543891085,,,,-29.91372,-51.1949916
543894392,,,,-22.9500966,-46.9787132
543958914,,,,-28.266657,-52.4031741
543967933,,,,-32.5570261,-53.382711
543972069,,Malacacheta,,-17.8542912,-42.0768679
544161404,,,,-9.3731953,-40.4957598
544224697,,,,-23.0958837,-48.9266129
544524485,,,,-5.5260303,-47.4892127
544525132,,,,-25.4208586,-49.274839
544599854,,,,-22.4235589,-46.8257086
544607517,,,,-2.9832411,-47.3548234
544673216,,,,-21.4899558,-47.3685591
544690942,,,,-22.2134975,-54.8346784
544775250,,,,-28.4813991,-49.0033112
544813933,,,,-22.2276323,-54.8525651
544834459,,,,-22.1368238,-47.4545671
544909492,,,,-22.8007718,-45.209067
544921677,,,,-27.2091418,-49.6508917
545037939,,,,-22.7960201,-43.2054938
545037942,,,,-22.7938055,-43.1993126
545129545,,,,-15.603175,-47.6519503
545249362,,,,-22.2984967,-44.9373597
545292135,,,,-28.4497276,-48.9573178
545345975,,,,-20.8221642,-49.5251389
545370861,,,,-27.0935173,-48.9190842
545535908,,,,-10.7169782,-38.1740289
545592969,,,,-23.5140701,-46.5414203
545892655,,,,-28.4595743,-48.9823557
546213589,,,,-22.8834732,-43.3677507
546594801,,,,-19.4908837,-46.5460317
546692738,,,,-21.9515831,-43.4174558
546710003,,,,-26.5599882,-52.5314563
546721748,,,,-25.0949752,-50.155297
546751046,,,,-23.5280642,-47.1333212
546823420,,,,-23.473566,-52.558197
546856428,,,,-21.6776586,-49.7342159
546926026,Pista de skate São Marcos,,,-22.9373293,-46.9957762
547046639,,,,-30.8607056,-51.8045073
547096192,,,,-20.4534092,-53.7663736
547099713,,,,-22.7102741,-47.6821602
547140493,Skatepark da Lagoa,,,-22.9790811,-43.2168625
547166684,Pista de Skate,,,-13.4437918,-49.1412474
547373957,,,,-21.4253753,-45.9614606
547872340,,,,-22.7526582,-50.3742444
548001103,,,,-25.4466433,-49.2747954
548122569,,,,-29.5805852,-51.3654281
548197119,,,,-22.0731322,-50.3073245
548344921,,,,-22.7837506,-45.1818172
548550614,,,,-20.3347779,-40.3309098
548625255,,,,-8.7423985,-63.8988667
548632103,,,,-25.5965641,-49.3901108
548636091,,,,-22.974661,-43.4922363
548721901,,,,-22.5507516,-47.4098437
548764310,,Canoas,,-29.9027823,-51.1882097
548857756,,,,-23.515479,-46.8327252
548857757,,,,-23.5158605,-46.8331254
548936704,Skatepark Samambaia,,,-15.8818072,-48.082796
548989405,Pista de Skate Jorge Tebet,,,-23.4399156,-46.9106671
549174585,Pista de Skate,,,-23.263183,-47.3105205
549187713,,,,-5.1125884,-36.6349936
549198508,,Ribeirão Pires,,-23.709884,-46.4057604
549202600,,,,-25.508546,-49.1895565
549202695,Pista de Skate Julio Francisco Branco,conchas,,-23.0198619,-48.014208
549438339,,,,-28.2449477,-52.3929122
549457212,,,,-5.925776,-35.2661667
549545259,,,,2.8325339,-60.6856499
549572563,Skate Park,,,2.8385252,-60.6819573
549646169,,,,-29.3729144,-51.1194267
549922291,Pista de Skate PDA,,,-22.4624576,-44.4576368
550003290,,,,-25.465333,-50.635865
550174553,,,,-22.4660271,-43.8270259
550299274,,,,-18.7622136,-44.4302829
550348595,,,,-23.3839163,-46.4470004
550350256,,,,-29.1912281,-51.2340224
550932889,,,,-15.8831718,-48.0155165
550951986,,,,-23.7639388,-46.696508
550951987,,,,-23.764442,-46.6967166
551094988,,,,-22.3448526,-49.0857601
551339830,,,,-7.9312016,-34.8571118
551381955,,,,-7.9312718,-34.8569545
551742672,,,,-16.6458707,-49.3311887
551996123,,,,-22.110195,-50.1736811
552077288,,,,-23.2233017,-45.9106404
552168986,,,,-29.1698702,-51.5190344
552208269,,,,-16.055648,-47.9735253
553323898,Pista de Skate Linha Verde,,,-19.3762729,-40.0574387
553377153,,,,-26.9019706,-48.6528109
553548368,,,,-22.9624596,-45.4878476
553841531,,,,-22.7113366,-43.5677021
553878414,,,,-22.6415036,-43.281486
554098837,,,,-20.8866077,-47.5749103
554291607,Pista de Skate Thiers Melquiades Elias,,,-27.6829453,-48.7579428
554296549,,,,-22.2519647,-45.7079952
554370535,,,,-15.8726097,-48.1083325
554743985,,,,-1.1950788,-47.1727037
554743987,,,,-1.1951446,-47.1727201
554850372,,,,-26.9008494,-49.0465534
554941830,,,,-31.1064106,-50.9222846
555007257,,,,-23.21054,-45.810564
555570515,,,,-22.3039578,-42.5418192
555756488,,,,-22.9111477,-43.6221452
555890837,,,,-23.6774331,-46.1824141
555906227,,,,-29.9431845,-51.0784257
555906236,,,,-29.9405029,-51.08413
555964990,,,,-25.214433,-50.9817442
555985575,,,,-29.6868824,-53.8594167
556015242,,,,-22.3191459,-42.5464168
556110695,,,,-23.876637,-48.0024686
556252901,,,,-21.5758423,-45.412365
556291949,,,,-31.3288635,-54.1140963
556381283,,,,-23.1725353,-45.796837
556613393,,,,-21.1289873,-42.9496748
556864967,,,,-31.3251061,-54.1056131
557189428,skate parque,,,-15.9049666,-48.0752371
557617138,Pista de skate,,,-20.0869133,-44.5768371
557708846,,,,-19.9528766,-43.9268967
557829812,,,,-24.0013436,-46.4118821
558024159,Skate,,,-20.0335135,-45.5378706
558115202,,,,-26.3218307,-48.8041703
558315571,,,,-15.3109187,-49.6058345
558317872,,,,-7.2271151,-35.8776037
558395302,,,,-22.7448636,-47.3216731
558876836,,,,-3.7435495,-38.537052
558951464,Pista de Skate de Apodi,,,-5.6652287,-37.8005463
559251135,,,,-23.1686463,-45.9116632
559258355,,,,-23.1529792,-45.8988956
559261408,,,,-22.8662333,-47.1541162
559330509,,,,-20.591477,-47.8532371
559764070,,,,-23.1114709,-45.7087759
561548128,,,,-25.7993554,-52.0979439
563440226,Pista de Skate,,,-22.910646,-47.0236041
565144340,,,,-29.1402667,-51.5196518
565218107,,,,-29.9122183,-51.2158929
565574988,Pista de Skate Iracema de Souza,,,-20.4442569,-40.3507829
566617304,,,,-27.6786781,-48.6654302
568384548,,,,-12.941227,-38.4054998
568604011,,,,-27.2447594,-48.6370239
569410528,"Pista de Skate Dayvid Afonso Thibério - ""Mutante""",,,-23.9616138,-47.5036239
569724955,,,,-29.4496066,-51.9553839
575372892,,,,-26.434321,-49.2432735
575560920,,,,-26.5990783,-48.9905496
575687727,,,,-21.9283858,-47.3715279
578675898,,,,-23.6604823,-52.5948833
579038329,,,,-21.7027526,-45.246225
579058009,,,,-25.3080749,-49.2954517
580987422,,,,-8.0342237,-34.9509472
581462004,,,,-7.9983151,-35.0328971
581708334,,,,-8.140559,-34.9037025
583397793,Pista de Skate,,,-28.938795,-49.4812816
583558926,Pista Vítor Santos Gontijo Amorim,,,-20.2868161,-45.5439134
584050678,,,,-31.7681854,-52.3222045
584321642,Half Pipe,,,-21.2070735,-41.8908578
584440155,,,,-23.4744395,-47.7353707
584488140,,,,-23.3101322,-46.2305261
585488918,,,,-22.0888502,-54.7963204
585499497,,,,-15.8386235,-47.90397
587766905,,,,-27.5777989,-48.6683972
587794558,,,,-22.3408716,-49.059
588084695,,,,-12.9691673,-38.4320403
590209801,,,,-20.3553482,-40.3559133
591026867,,,,-3.2233113,-52.2270294
591044602,,,,-3.8920096,-38.4511019
591058826,,,,-23.0773494,-52.4573368
591295571,,,,-23.7683697,-46.7169525
591420878,Skate Park,,,-3.0687769,-60.0953175
591853931,,,,-26.7386697,-49.2754579
592185722,,,,-12.8656729,-38.4760509
592357533,Pista da Barão,,,-22.8892585,-43.6046833
592357537,Pista Dercides Alvez,,,-22.8892841,-43.610403
592906056,Pista de Skate Cleonice Machado,,,-21.5305787,-43.0151029
592994723,Skate Barbante,,,-22.8985592,-43.5858797
593589753,,,,-7.6338041,-72.6670082
594314938,,,,-17.2987464,-49.032327
594346548,,,,-22.9804607,-47.0018042
594768831,,,,-23.8061276,-45.3972129
597033614,,,,-23.6626204,-46.6193377
597530722,,,,-8.0159156,-34.9330291
598051533,,,,-22.4103377,-47.5575023
598608325,,,,-20.7249122,-48.0428141
598608326,,,,-20.7248337,-48.0426159
600926138,,,,-23.0413633,-51.8069205
601090925,,,,-20.9149418,-46.9736771
603747812,,,,-23.6018338,-46.9147841
604430927,,,,-3.2019049,-52.2086232
605110278,Pista de Skate,,,-28.4611399,-52.8172941
605915172,,,,-23.3342848,-46.7264375
606415788,,,,-27.6027926,-48.6104199
607052729,SKATE,,,-27.0979334,-52.6424721
607179517,Pista de Skate Leandro Canãs,,,-23.0453228,-46.9827954
607732216,,,,-21.849465,-46.9022533
608169774,,,,-22.0805584,-51.4756182
608181143,,,,-22.079119,-51.4785917
609039567,,,,-27.6150334,-48.5865145
613398141,,,,-23.6219115,-46.5566438
613419550,,,,-23.5305187,-46.3214138
613419551,,,,-23.5316275,-46.3218035
613970064,,,,-3.213008,-52.2119068
614109843,,,,-27.1049368,-52.6761922
614794672,PRAÇA DA VILA,,,-19.1747742,-41.8722544
614832110,Parque Municipal de Skate,,,-22.5317752,-52.1762442
614876892,,,,-23.4075403,-46.7516096
615019838,,,,-8.0339208,-34.9845847
616715687,,,,-29.3616376,-51.2131172
616854541,Pista Skate Lourenço Domenici,,,-21.1301234,-48.0131388
617192902,,,,-20.5031186,-47.4056446
617292270,,,,-7.8441625,-34.907674
617653787,,,,-28.2875808,-54.2610502
623151727,,,,-15.5540997,-56.0559509
624198399,Pista de Skate,,,-23.9513594,-46.4546256
624463174,Pista de Skate de Garça,,,-22.2163262,-49.6461118
625178142,,,,-29.6836875,-51.0492232
625307516,,,,-4.954295,-47.4672126
625576781,,,,-20.8684812,-48.2923372
625623198,,,,-25.8832447,-48.5823459
625845825,,,,-20.4013195,-47.4188123
626428708,,,,-22.7944714,-47.202806
627040545,,,,-29.9994698,-51.0761574
627797714,,,,-16.4775081,-54.6335801
627899078,Evans Lee Rodrigues (Plaza Evans Lee),,,-22.7726916,-47.1611212
628855476,,,,-28.4250432,-48.9467355
629289304,,,,-29.7198859,-53.7855395
629305197,Pista de Skate do Parque do Rodeio,,,-23.5732814,-46.4032265
629511609,Skatepark Farroupilha,,,-29.2280585,-51.3409365
629995796,,,,-14.7983389,-39.2771082
630103193,,,,-9.8797213,-56.0850497
630655520,,,,-23.5226506,-46.3413983
630749188,Pista de Skate Esporte e Lazer,,,-18.7753922,-46.4124942
630800343,,,,-29.8869695,-50.25725
630954300,,,,-18.9560985,-46.9895209
630954316,,,,-18.9462803,-46.9912759
632078278,,,,-22.8841967,-43.2465045
632210717,Pista de Skate da Vila Boa Vista,,,-23.499989,-46.8727906
635352726,Pista de Skate,,,-22.6028791,-47.8699494
636632392,,,,-23.9664428,-46.2560225
637195087,,,,-22.4592059,-47.5268616
637908481,,,,-3.7471646,-38.4499261
637956606,,,,-23.4984568,-46.8751616
642365867,,,,-20.4580095,-45.9585689
643216310,Pista Skate do Jardim Marilu,,,-22.3257565,-49.1110532
645475872,,,,-23.5629247,-48.0079904
646638362,Mogi Skate Park,Mogi das Cruzes,,-23.5118259,-46.1860553
649195700,,,,-24.3322747,-50.6339304
649294542,,,,-23.5412534,-46.784958
650385526,,,,-30.0143625,-51.2594764
650750989,,,,-12.6713535,-39.0978255
651220736,,,,-10.7862035,-37.0489662
652137605,,,,-23.7837204,-45.6300643
653105640,,,,-23.6035791,-47.0230555
653986799,Pista de Skate,,,-20.2532325,-47.4780743
654242515,,,,-22.2355118,-45.9315738
656314772,Pista da Praça do Verbo Divino,,,-25.5332084,-49.2044731
656863590,Pista de skate,,,-28.6006954,-51.788048
658602945,,,,-4.3283529,-38.8825188
659502085,,,,-8.0546391,-34.9141451
661925168,,,,-22.2812335,-51.5046373
662240391,,,,-19.7997942,-41.7142423
664834491,,,,-8.0375477,-34.8751271
666658477,,,,-5.5302534,-35.8183603
666798094,Skate Park,,,-15.6385288,-47.8294665
667052679,,,,-22.5513095,-55.7150225
669215371,,,,-4.249555,-49.9371649
670825936,,,,-23.4783377,-46.8965595
670855176,,,,-23.5079469,-46.8804306
670930974,,,,-21.261039,-52.0390088
671414545,,,,-29.2993336,-51.5003546
671424611,,,,-5.3408521,-49.0926209
671657353,Rampa,,,-5.3701719,-49.1278619
672453319,Pista de Skate do Jardim América,,,-18.880057,-48.2910275
673508589,,,,-23.4067792,-46.7416123
675150394,Halfpipe,,,-8.1030279,-34.8856989
675150401,Halfpipe,,,-8.106712,-34.8874365
675507300,,,,-11.8375021,-55.5135593
676094492,,,,-23.1573209,-47.058323
677146072,,,,-23.4848173,-51.7930031
678696918,Pista de Skate,,,-22.7414002,-47.3788178
679149256,,,,-22.2343495,-50.9062241
679915243,Pista Municipal de Skate João Francisco Guariglia de Arruda,,,-23.1114333,-47.7160599
681276324,,,,-22.2853424,-51.9096963
681276342,Pista de Skate da Praça do Floresta,,,-27.5769295,-48.6174197
681279284,,,,-23.8712796,-46.7908894
681284288,Pista de Skate,,,-23.2499805,-47.0534795
681284745,,,,-23.4922885,-46.3566186
681286168,,,,-22.7733018,-47.5934868
681288717,,,,-18.0271687,-49.3704214
681289325,Pista de Skate parque nelson bugalho,,,-22.1027818,-51.402794
681292116,,,,-22.9769609,-47.1291051
681292318,,,,-22.9348775,-47.1231084
681293261,,,,-22.2917406,-51.3869387
681293879,,,,-22.6971028,-45.7368736
681295617,,,,-22.8515566,-47.0698138
681295618,pista de esportes radicais bau,,,-19.8177619,-43.1479358
681298486,,,,-24.2141521,-50.9308314
681299307,,,,-29.6961825,-53.8750726
681300744,,,,-7.3147121,-39.3014697
681301153,,,,-19.4724764,-42.5735919
681301567,,,,-23.5289805,-46.8196625
681304572,Pista de Skate do Módulo,,,-25.7596327,-49.7277176
681389631,,,,-26.8482482,-52.9888165
681438706,Pista de skate da lagoa,,,-20.7848918,-51.7192842
681453810,Pista de Skate da Praça da Lagoa do Pontal,,,-5.0772767,-37.9912891
681467200,,,,-21.2053639,-47.6126221
681501985,,,,-31.7433933,-52.3726677
681511804,,,,-16.9642548,-48.9438651
681517979,,,,-25.5416601,-49.2723419
681519178,,,,-22.5381611,-44.1761175
681529055,,,,-7.2341513,-35.8783993
681530228,,,,-16.0748685,-47.9934438
681549050,Pista de Skate,,,-26.8849675,-52.4172271
681623246,,,,-19.8815479,-44.9805601
681629968,,,,-22.9606193,-47.1072546
681632643,,,,-20.915981,-41.1900864
681638009,,,,-23.5395877,-47.4460353
681638254,,,,-22.5253258,-44.1009798
681674949,,,,-23.5209732,-47.5062253
681689760,,,,-22.085952,-41.8663887
681699546,,,,-23.5197722,-46.6441202
681699547,,,,-23.5196428,-46.6438643
681704095,,,,-20.4397481,-52.8854077
681726677,,,,-15.7002299,-47.873267
681750137,,,,-29.9129376,-51.0723574
681759908,,,,-26.9105132,-48.934353
681878173,,,,-27.286892,-48.925567
681961527,,,,-21.2398788,-48.8099117
681983260,,,,-21.6960116,-43.429228
682132628,,,,-23.083359,-48.9104696
682143166,sk8,,,-24.3051039,-52.5302983
682183020,Praça do Votorantim,,,-22.8587328,-43.5382671
682186367,Skate lane,,,-23.4352409,-47.5057594
682306342,,,,-23.1600375,-46.9284383
682325599,,,,-15.3038157,-49.1322214
682335367,,,,-10.9985091,-37.071566
682397184,Half,Mogi Mirim,,-22.435455,-46.9363233
682520242,,,,-11.7256998,-61.7725394
682541769,,,,-21.8017423,-49.6013887
682819528,,,,-23.6397367,-46.6770516
682822568,,,,-2.5325313,-44.2339063
683152899,Pista de Skate,,,-22.9351444,-46.2813282
683257542,,,,-20.7806421,-49.4089477
683272044,Pista de Skate,,,-19.9395132,-44.1145189
683344368,Pista de Skate Centro Esportivo Moacir Wilson Alves de Lima,,,-17.9895018,-46.8930809
683359906,,,,-23.5755507,-46.031875
683372502,,,,-22.8635146,-48.457592
683442755,Pista de Skate,,,-19.5222208,-40.7024157
683789889,,,,-17.5387728,-39.7384565
683823257,Pistinha da Getúlio,,,-21.211469,-50.4429136
684199585,,,,-5.7476374,-39.6308095
684432807,,,,-23.1189905,-47.2463174
684599230,,,,-23.8195748,-45.3625406
684632753,,,,-21.8230509,-46.8789234
684838558,,,,-10.1766162,-48.3271996
684862115,Skate,,,-10.2100117,-48.3229656
684895586,,,,-23.0519763,-46.3608472
685017303,,,,-25.4569362,-49.1581682
685023276,,,,-13.5504563,-58.8192103
685104264,Pista,,,-25.4470762,-49.0600422
685133956,,,,-5.0835578,-42.8037884
685150542,,,,-8.2906322,-35.9583593
685306524,Pista de Skate,,,-27.8951037,-53.3081368
685473337,,,,-23.6861542,-46.6212327
685534971,,,,-26.7749326,-53.0527187
686135527,,,,-21.5091233,-51.4311205
686987395,Pista de Skate do Almeidão,,,-7.1660495,-34.8725029
686987588,Pista de Skate Praça Dona Nalda,,,-7.1781729,-34.8993342
687003605,,,,-19.7921073,-45.6839855
687216949,,,,-22.5413975,-44.0661498
687457443,Pista de Skate Daniel Manesco,,,-23.3913056,-49.5054459
687474644,,,,-23.4942358,-46.8751461
687633193,,,,-20.1743547,-40.2072541
687713908,RAMPA DE SKATE,,,-2.9468741,-48.9538445
687715258,,,,-19.9251384,-44.1118869
688474038,,,,-27.604624,-48.4659223
689545088,,,,-23.4607141,-46.5858561
689807479,,,,-22.8982494,-43.7241102
690805675,,,,-27.6640111,-48.5396405
690841599,,,,-17.8549167,-41.5079744
691321592,Pista de Skate do Parque da Liberdade,,,-7.2389434,-35.897148
691454780,,,,-21.7095222,-46.8248296
691528814,,,,-3.8568922,-38.6399758
692023519,Skatepark Duda Neves,,,-22.881461,-43.0914546
692106805,,,,-12.1390118,-38.4164996
692494985,,,,-20.1378576,-40.2533431
692830187,Pista de Patins e Skate,,,-23.7645718,-46.7097158
693403551,Skate Park,,,-16.4926378,-39.07749
693434572,,,,-25.3175036,-49.2886015
693640319,,,,-24.3319271,-50.6258964
694096228,,,,-19.9532685,-44.1529926
696519691,pista de skate,,,-28.3885983,-53.9027138
697127308,,,,-21.461207,-54.3744862
697657596,,,,-24.4899877,-47.8375626
697906359,Pista de Skate,,,-12.2553156,-38.9624335
698001950,,,,-23.5014111,-46.670933
698274964,,,,-22.7370882,-45.1066912
698362619,,,,-22.7227551,-45.1153603
698891457,Pista de Skate,,,-25.396408,-52.4100186
698919037,,,,-3.7507417,-38.5567391
699288030,,,,-19.635359,-43.2025956
699758314,Pista de Skate do Viva Maiobão,,,-2.5416515,-44.173147
699833219,,,,-29.886892,-51.1283265
700007328,,,,-29.9281724,-51.1231304
700028164,,,,-25.4754407,-49.2763322
700444518,,,,-22.5733428,-46.5303536
701682190,,,,-2.4335497,-54.7111883
701691244,,,,-24.495127,-47.8315149
701725735,,,,-15.562432,-54.2830795
702950588,,,,-23.6379533,-46.6617562
703257383,,,,-21.0892559,-45.5692638
703541730,,,,-23.9475524,-46.3541108
704356608,Pista de Skate maior da Praça da Alvorada,,,-25.6262787,-48.4206194
704356609,Pista de Skate menor da Praça da Alvorada,,,-25.6262628,-48.4207454
704411339,,,,-12.9892972,-38.5112678
704902588,,,,-23.2558838,-51.1538149
704970421,,,,-20.6935671,-50.5489106
704990033,,,,-17.5737511,-52.5406171
705006758,,,,-23.7174823,-46.6980093
705006775,Pista Diney 9,,,-23.7188025,-46.6980433
705606934,Pista entre pistas,,,-25.6262929,-48.4207021
706170763,Pista de Skate de Três Coroas,,,-29.5153013,-50.7746741
706726329,,,,-20.6560673,-51.1187153
706813319,,,,-23.7201052,-47.4117148
707099647,,,,-17.5970591,-44.7319592
707938875,,,,-23.3175954,-52.3066457
708022368,Pista de Skate do parque da cidade,,,-22.5360647,-44.1807869
708237507,,,,-16.6561351,-49.5047382
708564385,,,,-20.9054029,-49.2647942
710068996,Pista de Skate do Clube Municipal,,,-20.3582937,-50.6986744
710711792,Pista de Skate Chorão,,,-12.9969861,-38.4693127
712267136,,,,-25.6639851,-49.3255026
714181069,,,,-30.1183208,-51.9619537
714273072,Pista de Skate,,,-22.8793611,-49.2389509
715472613,,,,-23.5612176,-46.5652634
717384306,,,,-19.9183328,-44.0930727
717613146,Pista de Skate,,,-9.5497774,-35.7270266
718030521,,,,-20.4604887,-54.6280694
718498083,,,,-20.429902,-54.5750731
719907758,,,,-16.6557461,-49.4889489
722088183,,,,-23.2048542,-46.7849025
722583528,,,,-22.4392493,-41.8502889
724395144,,,,-22.3047264,-49.1044322
726123172,Pista De Skate,,,-22.0334964,-48.9120386
726545443,,,,-20.0562667,-40.19222
727339962,,,,-23.7050423,-49.4786105
728271481,Pista de Skate Andradina,,,-20.9024456,-51.3713251
728985854,Rampa de Skate,,,-12.7386201,-60.1473897
728985855,Pista de Skate,,,-12.7387428,-60.1474583
729203685,,,,-29.4553359,-51.3141769
729430852,,,,-20.081525,-51.1025228
729974670,Pista de Skate da Praça da Juventude,,,-7.5900581,-72.681802
730841317,,,,-15.8716123,-47.9659178
730939935,,,,-23.4642356,-46.5707355
731800508,,,,-22.0555443,-47.9130385
732800859,Parque de Skate,,,-15.6691817,-47.8538063
733439401,Pista de Skate,,,-3.0738828,-59.9560494
733442681,Pista de Skate,,,-23.80011,-48.59504
734028222,,,,-23.5837798,-46.4083574
734312270,,,,-9.6684857,-35.7443874
735391210,Skate Básico,,,-22.8551033,-43.3528628
735391228,Half Pipe,,,-22.8545648,-43.3530345
737352703,Pista de Skate,,,-15.7971185,-48.053892
737473185,,,,-9.437868,-38.2178076
737713614,Antiga pista de skate,,,-22.1522747,-51.1758618
737907345,,,,-22.4406619,-46.8210119
740140955,,,,-29.9161246,-51.169838
741630238,Nova Pista de Skate,,,-22.1451459,-51.1526662
741764635,,,,-20.1904385,-40.2652685
741775767,,,,-22.0590223,-46.9870306
743131410,,,,-23.6857731,-46.6212362
747812482,Pista de Skate,,,-26.2303399,-52.6613264
749754480,,,,-23.6665394,-46.5940139
750467851,,,,-19.9314222,-44.029896
751028786,,,,-23.656136,-46.5994544
751028787,,,,-23.6707801,-46.6017758
752860657,pista do centro,,,-22.5161218,-43.9994624
754131524,,,,-7.1483457,-34.8746826
755960224,,,,-22.2893371,-49.5414155
756349349,,,,-24.5741498,-53.9780812
756400916,,,,-22.7408018,-41.9706471
758183623,,,,-15.8119147,-42.2260002
762698214,,,,-23.5508067,-47.8946034
765732662,,,,-19.351258,-47.3015944
769441500,,,,-3.7008001,-38.5883514
769454522,,,,-3.6985443,-38.579271
770091056,,,,-5.3512823,-49.0760255
772145264,,,,-26.2553224,-52.675734
776023223,,,,-25.6517303,-49.303061
776552197,CEU - Centro de Artes e Esportes Unificados,,,-11.4277565,-61.4718158
776557927,Pista de Skate Hudson Frank,,,-11.4378204,-61.4518583
778081353,,,,-26.962191,-50.4184918
779357798,,,,-19.8926867,-44.035576
779891370,,,,-21.6968044,-45.2610928
781947373,,,,-28.5169869,-50.9398319
784702411,,,,-13.0236657,-42.6890236
788567363,,,,-8.3398909,-34.9547747
794202698,,,,-24.4654373,-53.9555476
794603991,,,,-23.8476775,-50.1924811
796600382,,,,-22.8987527,-48.450968
797062092,,,,-23.5892929,-48.4761596
800831278,,,,-7.484997,-38.9861236
803809397,,,,-17.8060106,-50.93394
805110410,,,,-22.7216814,-43.73174
805813356,,,,-20.2651312,-40.261895
810069301,,,,-22.9129403,-43.5828877
810864443,,,,-22.9909263,-47.1429861
815069464,,,,-28.0306742,-54.3506261
815549767,Triângulo do Skate,,,-22.6146911,-43.2317854
817404961,,,,-23.7510442,-46.6029387
818103290,,,,-16.4664587,-54.6772218
820229373,Pista de Skate,,,-24.3851751,-47.9318972
820532110,Buraco Skate,,,-24.3916377,-47.9252062
821245354,,,,-16.7201304,-49.3138016
821694314,Pista Skate,,,-24.5571578,-54.0589112
823859839,,,,-8.1175753,-34.9686361
824196300,Pista de Skate Vô Konrad,,,-24.2763218,-53.8459903
824915566,,,,-8.0546568,-34.8765766
832670968,,,,-15.6824346,-48.1982613
833199131,,,,-12.9814577,-38.4304793
834039471,,,,-7.1607453,-34.8931345
834766689,,,,-21.8502945,-46.5696806
835061585,Mogiana,,,-21.2987159,-46.7110364
835094542,,,,-22.5763235,-49.4002877
836814596,,,,-23.4190278,-51.4371098
836969671,,,,-19.8660011,-43.9220655
837406281,,,,-30.1924152,-51.1639223
839684661,,,,-5.9631639,-35.2827394
839923867,,,,-20.7933041,-49.233284
839965889,,,,-20.7984236,-49.2254042
840359804,,,,-29.6410446,-52.1983863
840942841,,,,-22.8274707,-45.2181722
842277613,,,,-20.374066,-40.3110521
842907349,,,,-8.4483624,-34.9953156
845743380,,,,-11.0143411,-37.0863754
846059252,,,,-11.0015864,-37.0963841
847192881,,,,-23.5829746,-48.0177004
847877624,,,,-23.4627998,-47.4746208
849921333,,,,-22.8386194,-43.2687825
858727730,Skate Park Bombinhas,,,-27.1870593,-48.5028438
860128984,Pista de Skate Parque Botyra,,,-23.5184697,-46.1860116
871918866,,,,-23.5453045,-46.6283533
872742620,,,,-22.7828209,-43.4281106
875159070,,,,-26.4834512,-49.0475735
876586762,,,,-29.8696962,-50.0829747
878687819,,,,-23.5137667,-47.4447402
880432432,,,,-21.2207584,-47.7668959
880659769,,,,-8.0600834,-34.9261385
880706963,,,,-16.8120074,-49.9279956
880833109,,,,-10.8490542,-37.0698356
881623907,,,,-22.5452611,-44.2365731
882991553,,,,-22.6526847,-47.1827988
884556032,,,,-9.3884942,-40.5009339
884961318,,,,-8.0264746,-34.9541773
886371045,,,,-8.0925913,-34.9155187
886801663,,,,-23.0730591,-47.9755572
888283941,,,,-29.812547,-50.0607792
888463831,,,,-5.1913933,-42.7461806
888463837,,,,-4.9850138,-42.8225861
888463857,,,,-5.1361083,-42.7947285
888463863,,,,-5.0560264,-42.7402424
888463898,,,,-5.063173,-42.8340325
888463900,,,,-5.1395061,-42.7943229
888471332,,,,-5.0745216,-42.7926883
888770366,,,,-3.7528811,-38.5170153
890352029,,,,-22.644725,-43.2865533
892510894,,,,-11.0165522,-68.7486916
892524959,,,,-11.0286377,-68.7387878
895199380,,,,-23.2765683,-51.0723793
895365055,,,,-22.6256431,-43.2183623
896631218,,,,-8.3984305,-35.0603788
897716804,,,,-5.0863702,-42.8418042
900788411,,,,-29.7595013,-51.1435632
907189711,,,,-23.5094788,-46.7866585
908046377,,,,-6.2523984,-36.5250932
909738490,Mersault skate,,,-12.596805,-52.2086527
910075965,,,,-27.8233412,-50.3366726
910591988,,,,-20.5620663,-47.4075937
911270112,,,,-23.629351,-46.4909336
912475037,,,,-26.1908286,-48.5329736
918949464,Rampas de Skate - Porto D'Antas,,,-10.8725365,-37.0525278
919606387,,,,-22.5413248,-44.1144302
921494829,,,,-2.9075278,-40.8580265
923188811,,,,-2.8908849,-40.8487013
926215279,Pista Skate Sebastião Carlos de Melo,,,-22.5903332,-46.1755144
929927839,,,,-29.8009809,-55.7645653
930768648,,,,-21.7359307,-43.3303907
935639324,,,,-27.5489427,-48.4976518
936785206,,,,-25.4308754,-54.3964804
939361325,,,,-30.1509735,-51.1501071
943061470,Pista de Skate,,,-29.5914553,-55.4826849
946076353,,,,-8.0200476,-34.8762697
951526696,Skate Park Itapevi,,,-23.5483234,-46.9374342
955494646,,,,-15.8298479,-48.0318884
955869020,,,,-23.3484718,-47.8674298
958012618,,,,-22.6813936,-43.2899506
960087884,Pista de Skate,,,-21.9739083,-51.6457362
962374171,Pista de Skate no Bairro Vila Rica,,,-20.72678,-46.5984989
962374802,Pista de Skate no Bairro do Vila Rica,,,-20.7265955,-46.5984526
962629479,,,,-20.7176181,-46.6136007
963070628,,,,-6.4817329,-36.1502668
963140827,,,,-22.7744542,-41.9030916
963140832,,,,-22.7743057,-41.9034347
963326064,Pista de skate,,,-21.1555142,-48.938861
964094573,,,,-21.6675803,-49.7646329
964378612,,,,-23.3948999,-46.3131676
966001774,,,,-29.5804558,-51.1072692
966001775,,,,-29.5906891,-51.073263
967046014,,,,-22.1916288,-46.7622109
972701267,,,,-2.5790893,-44.1989159
973867851,,,,-25.8804627,-48.5924497
975311774,Pista de Skate do Mary Dota,,,-22.2958166,-49.0406768
975528296,,,,-27.5831048,-48.5772619
975852926,,,,-27.6297564,-48.5254533
975852927,,,,-27.6295838,-48.5246191
977554950,Pista de skate Prof Turim,,,-23.0478851,-50.2297795
978565733,,,,-27.0492485,-48.5901568
980962363,,,,-21.7528535,-43.3462209
981858276,,,,-25.4578394,-49.2292443
983172305,,,,-15.6543208,-47.7858724
986508969,,,,-27.6430937,-48.7046319
987564063,,,,-27.4862099,-48.6683822
987564090,,,,-27.4879747,-48.6736988
987564109,,,,-27.4851152,-48.6699943
987821900,Skate Park do Itapoã,,,-15.7535604,-47.765431
987822949,Skate Park do Varjão,,,-15.7087028,-47.8828269
988553188,Pista de Skate,,,-7.2117841,-35.9174168
988579115,,,,-7.2109772,-35.9204799
991605108,,,,-23.6552156,-46.4234256
993529185,,,,-22.9639147,-45.5468602
993706963,,,,-10.7234972,-62.2537672
997039030,,,,-22.9335259,-45.4697498
1002053495,Lucas Lopes,,,-23.4191008,-47.486617
1002433983,Pista de skate da Taboca,,,-19.8474134,-43.9268227
1012205702,,,,-23.1568811,-46.8976774
1012205703,,,,-23.1570376,-46.8977859
1014469564,,,,-23.4401921,-45.0694218
1020198239,,,,-25.5330638,-49.0886667
1023400968,Pista de Skate Aparício Cerqueira,,,-23.8096152,-47.7238959
1026560827,,,,-21.9991494,-47.9119356
1028240406,,,,-26.8987206,-49.0117742
1030076309,,,,-20.7808428,-42.8772969
1033549620,,,,-21.7617168,-41.327162
1033549632,,,,-21.7619597,-41.3272304
1035083492,,,,-29.3679264,-50.8766958
1038033394,,,,-29.9359347,-51.1791733
1039491395,,,,-10.7191741,-62.2560341
1040328665,,,,-21.604778,-48.8214251
1041533116,,,,-26.9456072,-48.9534125
1045835955,,,,-3.7609894,-38.5048415
1046360129,,,,-23.7130419,-46.5512198
1046361401,,,,-23.7068785,-46.5603615
1047669911,,,,-3.7700458,-38.6296757
1051453352,Pista de Skate JD Monte Libano,,,-21.8034665,-49.9266408
1052041255,,,,-12.8051947,-38.3953457
1053937093,,,,-10.8546281,-37.0580525
1055145803,Pista de Skate Alfenas,,,-21.4389168,-45.9360759
1057978103,,,,-22.8445078,-47.1166696
1060395329,,,,-23.6362605,-46.7273328
1060581721,,,,-3.8082813,-38.5549256
1060672337,,,,-3.7084351,-38.4655451
1060984587,,,,-25.4339356,-48.7146134
1061367657,Skatepark da Beira-Mar,,,-3.7254834,-38.4938565
1065354030,,,,-23.0874452,-52.4626482
1070454756,,,,-22.7791904,-47.2997766
1070461205,,,,-22.8067474,-47.3059334
1071994058,Pista de Skate do Aruanã,,,-3.0963596,-60.0521399
1078575158,Skate Park de Itaí,,,-23.4215351,-49.0889671
1079270469,,,,-26.8226579,-49.2751817
1080567326,Pista de Skate Ibiti do Paço,,,-23.4471182,-47.4459063
1080668825,,,,-8.7553683,-35.1016698
1080967805,,,,-26.9272421,-49.370329
1082351102,,,,-23.2615493,-47.0635527
1085357908,,,,-26.9638142,-49.3830462
1087598442,,,,-25.4284811,-49.2041444
1089475753,,,,-24.9411969,-49.8289207
1093188079,,,,-29.265202,-49.6688365
1093653005,Roda do Leme,,,-22.9622348,-43.1647471
1094550061,pista de skate,,,-20.6868472,-48.410197
1095675385,,,,-27.023099,-50.9272706
1095681217,,,,-15.855117,-47.9503966
1095714976,,,,-28.2659481,-49.1675642
1098302978,Pista de Skate da Praça da juventute,,,-2.6975066,-44.8398126
1099722460,,,,-20.3871323,-43.5152082
1102890814,,,,-23.4301282,-46.5420683
1103304972,,,,-27.7042964,-48.498365
1104330904,,,,-29.6364937,-51.0158932
1104330905,,,,-29.6367889,-51.0156601
1104868628,Pista de Skate,,,-18.6334913,-48.1821412
1105257040,Pista de Skate (Praça da Nova Holanda),,,-22.8542972,-43.2413584
1105406758,,,,-29.6786036,-51.1348578
1106097262,,,,-23.3739299,-52.0629001
1106643258,,,,-27.405577,-49.8227246
1107621373,Pista de Skate,,,-21.1389496,-48.9654946
1108633326,"Pista de Skate ""André Luís Justino de Souza""",,,-20.450409,-48.0157652
1110095486,,,,-3.8064278,-38.5796506
1110154371,Skate Park Messejana,,,-3.8311803,-38.4956918
1110162968,,,,-3.824092,-38.5558318
1112251115,,,,-19.1973994,-40.0975395
1112488215,,,,-25.5279411,-49.2694314
1113157776,,,,-3.3648072,-64.7174123
1113613439,,,,-20.2128339,-40.2118174
1116449641,,,,-26.2505403,-51.0834973
1117258020,,,,-18.9761494,-48.3461614
1117292184,,,,-27.5446659,-48.6255412
1118390452,,,,-9.4036883,-40.4982768
1118435656,,,,-29.4646211,-52.0870167
1118473777,,,,-23.8242588,-45.4314466
1119262376,,,,-23.5358082,-46.9227441
1120391616,Pista de Skate Morada do Sol II,,,-10.3364283,-48.2835461
1123133085,,,,-29.9909424,-50.1267515
1123174702,,,,-30.0513776,-51.1643064
1123184998,,,,-29.9947549,-50.1275693
1123944377,Cidade do Skate,,,-22.2829152,-51.4888429
1124693088,,,,-20.6565256,-47.2916393
1124987134,,,,-4.3192788,-40.7081459
1127812080,Pista de Skate,,,-21.6100106,-48.361446
1130660554,,,,-23.4012321,-46.9002744
1130947643,,,,-20.3208341,-40.3490634
1132961956,,,,-20.3507889,-47.7712793
1133804259,Pista de Skate,,,-13.7482958,-39.4861247
1133822086,,,,-28.2939749,-49.9290301
1134516918,,,,-23.1961048,-45.9573642
1134605709,,,,-25.4756805,-49.2773377
1136761767,Pista de Skate,,,-3.3628694,-39.8277726
1137102440,Sense Layback,,,-27.6688066,-48.4787427
1137445191,Pista de Skate Dollete Antonio Sales,,,-23.5389325,-47.184675
1147767378,,,,-25.460553,-49.1818675
1147967171,,,,-25.5295012,-49.2417427
1152398295,Pista de Skate do Padre Eustáquio,,,-19.909658,-43.9855024
1152732261,Pista de skate - parque Jequeitibá,,,-15.6409265,-47.7893198
1153001209,,,,-10.5723631,-67.6755943
1153001210,,,,-10.5731543,-67.6753756
1153367879,,,,-12.9886653,-38.5217944
1155891162,,,,-12.9393835,-38.3398476
1156967474,,,,-2.523399,-44.2155957
1156977475,,,,-2.5486029,-44.2587019
1157291300,,,,-22.383727,-46.9327988
1157420561,pista do buraco,,,-8.9130964,-35.7170251
1157942233,,,,-3.9006999,-40.7396645
1158508956,,,,-23.1735799,-47.7519883
1158547487,,,,-25.5049835,-49.2480458
1158572052,,,,-15.7703358,-47.7842001
1158579601,,,,-15.846313,-47.9221618
1159497744,,,,-3.7390875,-38.4713365
1159671211,,,,-3.742316,-38.4686829
1160381802,,,,-22.2297119,-54.7555852
1160381819,,,,-22.2476005,-54.8155062
1160535502,,,,-13.1011217,-55.926117
1161204238,,,,-30.025632,-51.1131802
1163446818,,,,-26.7917353,-48.6092831
1165450875,,,,-11.3359325,-38.9618337
1166248035,,,,-23.7501266,-46.6181682
1166282245,Lagoa Skatepark,,,-3.7687174,-38.5696593
1167401309,,,,-3.826427,-38.5481726
1167663866,,,,-23.7399549,-46.5974371
1173566690,,,,-8.0183177,-34.8497202
1175506106,,,,-23.2911765,-45.9582951
1175784244,,,,-19.872882,-44.976156
1176603353,Pista de Skate Negretti,,,-29.4659101,-51.9612283
1176660125,,,,-8.0767784,-34.9304415
1177295045,Pista de Skate,,,-25.093441,-50.2053963
1178800249,,,,-24.75478,-53.7166139
1181186993,,,,-23.3193389,-46.5916399
1182777129,,,,-23.7234807,-46.5253668
1183820306,,,,-17.8958496,-51.7273927
1183961983,,,,-23.0578025,-54.1923035
1183978269,,,,-23.0526745,-54.2205399
1184340112,,,,-22.9192272,-43.2343421
1184376150,Rampa de Vila Isabel,,,-22.9147544,-43.2516764
1185621948,,,,-22.0308257,-48.9050795
1186656225,Pista Skate Itamirim,,,-26.9251708,-48.6833562
1187052029,,,,-19.4547942,-44.233499
1188528894,,,,-23.675565,-46.4892286
1189094224,,,,-23.6727681,-46.5655062
1189921709,Pista de Skate,,,-8.1973863,-35.5558626
1190447653,Pista de Skate,,,-22.4142655,-45.7958725
1192130535,,,,-24.5339308,-54.058318
1192489143,,,,-23.3355421,-46.8425644
1194010828,,,,-21.6795795,-50.3296629
1196385955,,,,-3.8495383,-38.5173832
1198132348,,,,-3.742163,-38.5673369
1199249420,Pista de Skate,,,-19.6046154,-46.9303972
1201917086,,,,-23.6723789,-46.6112989
1202388734,,,,-27.5720866,-48.428545
1204467822,,,,-23.4922065,-48.4156759
1206725480,,,,-27.4551751,-48.3949804
1208037675,Pista de Skate do Bairro Gramadinho,,,-28.7204427,-51.9266597
1209097103,,,,-22.7134589,-46.8118979
1209499929,,,,-23.7438783,-46.3920561
1210676106,,,,-23.533724,-46.8881509
1212028498,,,,-29.4176693,-50.8740712
1212766149,Pista de Skate Breno Ortiz de Camargo,,,-25.2178968,-49.3396693
1213996164,,,,-8.4402614,-35.0174923
1214926336,,,,-16.1110646,-47.9313692
1215380009,,,,-3.7777476,-38.6003156
1215468298,,,,-3.7534371,-38.5819752
1216363395,,,,-29.3655207,-50.8018397
1219881441,,,,-3.8152431,-38.6078263
1220404088,Pista de Skate,,,-26.6021971,-53.5248033
1221893391,,,,-26.9203354,-48.6899596
1223040815,Pista de Skate Nelson Mandela,,,-3.8279312,-38.5482109
1224825386,,,,-21.7643028,-48.127665
1227417131,,,,-23.559442,-46.3682443
1228541182,,,,-29.5573681,-49.8900652
1228618717,,,,-25.3363253,-49.2663135
1228618718,,,,-25.3363812,-49.2664073
1230734174,,,,-3.8674425,-38.520145
1233182504,,,,-3.8194706,-38.6136688
1233867029,,,,-22.8759265,-46.7921621
1234698980,,,,-16.6910924,-49.1181689
1235083402,,,,-17.4036346,-50.3774392
1236186460,,,,-22.1754651,-47.3758821
1239774234,,,,-23.3167908,-51.1128732
1241730834,,,,-21.7467103,-48.1390339
1241765245,,,,-12.939717,-38.3305853
1242088597,,,,-12.9218412,-38.5061398
1247686302,,,,-23.411598,-51.9380881
1259426572,,,,-10.4430693,-62.4753968
1261943416,,,,-16.4668403,-54.6817606
1265336770,,,,-22.8892231,-43.067841
1265831699,,,,-22.0164438,-47.4300417
1267626584,,,,-7.9503277,-34.8965927
1268787912,,,,-23.2893373,-51.2032521
1270297410,,,,-22.7601491,-43.4414517
1272438389,,,,-31.7421699,-52.314557
1277913126,,,,-25.4474655,-49.2582548
1278639714,,,,-23.5864935,-47.9800451
1281348278,Pista de Skate Lekão Rocha,,,-21.8954291,-49.0244537
1286105769,,,,-22.9365473,-43.6643007
1286146626,Fernando Costa Gama,,,-23.4466368,-47.3756423
1290087378,,,,-23.4853739,-46.7103572
1291062544,,,,-26.8243915,-49.2818984
1291347664,,,,-24.7073072,-47.5510409
1292431391,,,,-19.7684517,-43.9559979
1293498937,,,,-22.4360526,-46.9510883
1298247361,,,,-23.7067833,-46.5943831
1299602144,Pista de Skate Marcel Cabral Castilhos,,,-29.9619616,-51.6215193
1303520802,pista de skate da praça XV,,,-22.9031151,-43.173549
1304725914,,,,-22.9804881,-43.3932332
1306067570,Skate Park,,,0.0071153,-51.0590804
1309425076,,,,-15.6045815,-47.6609154
1310654528,Azul Skatepark - Parque Sabiá,,,-18.9121327,-48.2303359
1315386328,,,,-3.8904865,-38.6830279
1318035334,,,,-16.0642975,-57.6839875
1319397971,,,,-22.7922988,-43.3010365
1321613869,,,,-25.515901,-49.2761814
1322314509,,,,-7.3996921,-35.0941416
1322464014,,,,-22.7204349,-43.5637487
1322465465,,,,-22.9105641,-43.5728589
1322470873,,,,-22.4776376,-44.4940169
1322471667,Pisca de Skate CEU Paz,,,-23.4469872,-46.6882621
1323595574,,,,-22.9084472,-47.1141556
1324884073,,,,-20.3644571,-40.3038098
1328419646,,,,-3.7231279,-38.4732088
1330420334,,,,-22.4041859,-47.606566
1332885120,,,,-32.018793,-52.0398823
1333341566,,,,-30.0411431,-51.1757362
1334641732,,,,-23.555794,-47.8969566
1339948408,,,,-22.8175144,-43.3757356
1340168617,PISTA DE SKATE,,,-15.788629,-47.7805455
1340350939,,,,-22.1676798,-43.58439
1342118919,,,,-23.4840363,-46.4612132
1347156377,,,,-22.9541783,-42.7010313
1349614199,,,,-22.9668277,-43.3847611
1349964424,,,,-23.6664771,-46.5469138
1350713793,,,,-22.680005,-47.6789385
1350815889,,,,-21.5646422,-45.4485782
1351657293,,,,-7.2167996,-48.2179096
1354292129,Pista de Skate,,,-16.7220576,-49.2137964
1357821215,,,,-7.2850755,-34.800329
1361450850,,,,-4.8370086,-42.183486
1361952221,,,,-25.863734,-52.5300916
1362533978,,,,-24.0338726,-46.5268911
1363753688,,,,-15.8358234,-48.1344914
1368221511,Rampa de Skate,,,-11.1778766,-40.5182725
1370952668,,,,-22.9161139,-43.5957125
1376018196,,,,-19.9583825,-44.2011263
1377022636,Pista de Skate da Vila,,,-23.0596753,-46.3699022
1377460703,Manifesto Skate Park,,,-23.5854008,-46.6008557
1378441847,,,,-23.6151481,-46.5333452
1381738545,,,,-23.4177648,-46.0326056
1381980011,,,,-3.7560098,-38.5227387
1382849598,,,,-8.1302645,-34.9091179
1382882722,,,,-19.9409901,-44.0598099
1383258800,Skatepark do Leblon,,,-6.8892297,-38.5638969
1383666348,,,,-23.6022277,-46.9391239
1387401151,,,,-23.6096565,-46.5815931
1387659326,Pista de Skate Guilherme César Teixeira Laje - D2,,,-23.5289206,-46.9006085
1388016516,Pista de Skate da Praça de Eventos,,,-6.7473193,-51.1501526
1388063510,,,,-25.4791372,-49.193159
1389284616,,,,-22.7337441,-47.6282783
1391496676,,,,-14.7954008,-39.0310285
1392175954,,,,-22.9904407,-43.3525858
1395980823,,,,-16.4864811,-49.3057882
1408925784,Skate Park,,,-5.1863389,-37.3422332
1411257797,,,,-22.3476048,-47.336765
1415301228,Cavepool Skate,,,-23.5792627,-46.7201465
1415449721,Pista de Skate Celso André Buscariole-Cabral,,,-22.714549,-46.893344
1415521236,,,,-22.7362122,-46.8881861
1416731552,,,,-20.7416024,-46.7471552
1418228839,,,,-22.2953403,-49.0608632
1418659425,,,,-15.7448228,-48.2842215
1419635511,Pista de Skate,,,-20.8646419,-49.3528067
1421189231,,,,-15.8329557,-48.0473903
1425650138,,,,-18.8458698,-41.941243
1426870338,,,,-6.7511435,-35.4373093
1426908832,,,,-19.9423966,-43.4800771
1429132195,,,,-23.6472631,-47.5736397
1429132196,,,,-23.6423789,-47.5722806
1430774710,Mini Pista de Skate,,,-21.7714044,-43.3785268
1432453295,Pista de Skate Rusivel Silva Costa,Juiz de Fora,,-21.7615732,-43.3397862
1433038352,,,,-26.7109974,-48.9047535
1434174318,,,,-23.5566386,-46.8414025
1436166563,,,,-20.4630987,-47.5896505
1436920712,,,,-12.9238279,-38.4268821
1436922615,,,,-12.6352584,-38.2705838
1437036691,,,,-27.5012275,-48.4145758
1443760323,Blue Houses Bowl,,,-22.9980047,-43.4211155
1443817013,Mini rampa do Condomínio Libertá Resort,,,-22.9992686,-43.4161656
1443859976,Mini rampa,,,-22.9925667,-43.4027709
1443899930,Minirrampa do Novo Leblon,,,-23.0011871,-43.3794278
1444061746,Mini rampa do Condomínio Pontões da Barra,,,-23.0086614,-43.4306363
1444785344,Praça de Esportes Radicais,Assu,,-5.5790935,-36.9055681
1446011175,,,,-23.0043474,-43.4162575
1446385010,,,,-3.6878078,-40.3574107
1446401485,,,,-23.2055309,-45.8601887
1447557115,,,,-21.6428138,-41.0201191
1448503160,Pista de Skate,,,-22.4157848,-49.1310658
1450744857,,,,-23.6108885,-52.0816217
1451379702,Pista de skate - COMPEC,,,-2.5521957,-44.2723913
1451662226,,,,-18.9905105,-48.2674812
1452464534,,,,-9.4090873,-40.5103311
1452489010,,,,-23.3200529,-46.7630245
1452692881,,,,-20.5310987,-43.6879783
1452760938,,,,-16.7509574,-43.8849188
1452931887,,,,-1.411311,-48.4660119
1455532485,,,,-23.4450563,-47.4896348
1456805526,,,,-23.395469,-47.3772856
1457560401,Pista de Skate da Colméia,,,-18.8808077,-48.2367251
1457793734,,,,-23.385107,-47.3415287
1457827753,,,,-22.748111,-43.3023486
1459134312,,,,-23.5002533,-47.5065343
1459908728,,,,-22.7052413,-42.6417049
1460529422,,,,-21.6326959,-41.0463053
1460529434,,,,-21.6368913,-41.0476415
1461617690,Mini Ramp EcoPark SPK,,,-18.9819416,-48.2609832
1462851364,,,,-23.594536,-48.0529547
1463526703,,,,-10.9449128,-37.0543789
1463686173,,,,-22.77845,-50.2109346
1464929583,,,,-18.8703519,-41.9452874
1468582902,Santa Skate,,,-25.3810496,-49.1450521
1469138509,,,,-22.944643,-42.8247706
1469320255,,,,-9.7585034,-36.6464413
1470167897,,,,-18.9711996,-48.2273027
1471637850,,,,-9.4345216,-40.4752532
1471970344,,,,-22.8054437,-43.0648927
1472109604,,,,-23.5071964,-47.366589
1474784581,,,,-22.5628666,-44.923159
1479773123,,,,-23.5769105,-46.5211271
1479937954,,,,-20.3366933,-40.3587712
1480041642,,,,-3.7180566,-38.5345275
1481563631,,,,-5.7299728,-35.2722308
1483371749,Skate Park Cuiabá,,,-15.4565376,-56.0925409
1484744875,,,,-18.8993347,-41.9466336
1485151104,,,,-15.8176657,-48.1231729
1485526678,Pista de Skate Praia Clube,,,-18.9327051,-48.2926731
1486714992,,,,-7.3664604,-35.9055333
1486749677,,,,-22.8142775,-46.6970343
1486922587,,,,-23.6445914,-47.8248508
1488042912,,,,-27.8280519,-50.3126005
1488650630,Pista Cidade Verde,,,-18.9311684,-48.3309847
1488873769,Pista de Skate,,,-11.659339,-39.0066107
1490866561,,,,-1.3987222,-48.4750271
1491489260,,,,-12.4057796,-38.3065665
1491489261,,,,-12.4059242,-38.3066977
1494101655,,,,-20.0698759,-44.2968332
1495239360,Pista de Skate Sukata,,,-15.8023318,-47.9419682
1497816622,,,,-23.173384,-50.645454
1498337987,,,,-23.2243813,-47.2639244
1499501514,,,,-15.8161456,-48.1172125
1502707178,,,,-23.2588241,-47.6670711
1502726996,,,,-23.0372415,-47.1059894
